{
    "packages": [
        {
            "name": "guzzlehttp/guzzle",
            "version": "6.5.5",
            "version_normalized": "6.5.5.0",
            "source": {
                "type": "git",
                "url": "https://github.com/guzzle/guzzle.git",
                "reference": "9d4290de1cfd701f38099ef7e183b64b4b7b0c5e"
            },
            "dist": {
                "type": "zip",
                "url": "https://api.github.com/repos/guzzle/guzzle/zipball/9d4290de1cfd701f38099ef7e183b64b4b7b0c5e",
                "reference": "9d4290de1cfd701f38099ef7e183b64b4b7b0c5e",
                "shasum": ""
            },
            "require": {
                "ext-json": "*",
                "guzzlehttp/promises": "^1.0",
                "guzzlehttp/psr7": "^1.6.1",
                "php": ">=5.5",
                "symfony/polyfill-intl-idn": "^1.17.0"
            },
            "require-dev": {
                "ext-curl": "*",
                "phpunit/phpunit": "^4.8.35 || ^5.7 || ^6.4 || ^7.0",
                "psr/log": "^1.1"
            },
            "suggest": {
                "psr/log": "Required for using the Log middleware"
            },
            "time": "2020-06-16T21:01:06+00:00",
            "type": "library",
            "extra": {
                "branch-alias": {
                    "dev-master": "6.5-dev"
                }
            },
            "installation-source": "dist",
            "autoload": {
                "psr-4": {
                    "GuzzleHttp\\": "src/"
                },
                "files": [
                    "src/functions_include.php"
                ]
            },
            "notification-url": "https://packagist.org/downloads/",
            "license": [
                "MIT"
            ],
            "authors": [
                {
                    "name": "Michael Dowling",
                    "email": "mtdowling@gmail.com",
                    "homepage": "https://github.com/mtdowling"
                }
            ],
            "description": "Guzzle is a PHP HTTP client library",
            "homepage": "http://guzzlephp.org/",
            "keywords": [
                "client",
                "curl",
                "framework",
                "http",
                "http client",
                "rest",
                "web service"
            ],
            "support": {
                "issues": "https://github.com/guzzle/guzzle/issues",
                "source": "https://github.com/guzzle/guzzle/tree/6.5"
            },
            "install-path": "../guzzlehttp/guzzle"
        },
        {
            "name": "guzzlehttp/promises",
            "version": "1.4.1",
            "version_normalized": "1.4.1.0",
            "source": {
                "type": "git",
                "url": "https://github.com/guzzle/promises.git",
                "reference": "8e7d04f1f6450fef59366c399cfad4b9383aa30d"
            },
            "dist": {
                "type": "zip",
                "url": "https://api.github.com/repos/guzzle/promises/zipball/8e7d04f1f6450fef59366c399cfad4b9383aa30d",
                "reference": "8e7d04f1f6450fef59366c399cfad4b9383aa30d",
                "shasum": ""
            },
            "require": {
                "php": ">=5.5"
            },
            "require-dev": {
                "symfony/phpunit-bridge": "^4.4 || ^5.1"
            },
            "time": "2021-03-07T09:25:29+00:00",
            "type": "library",
            "extra": {
                "branch-alias": {
                    "dev-master": "1.4-dev"
                }
            },
            "installation-source": "dist",
            "autoload": {
                "psr-4": {
                    "GuzzleHttp\\Promise\\": "src/"
                },
                "files": [
                    "src/functions_include.php"
                ]
            },
            "notification-url": "https://packagist.org/downloads/",
            "license": [
                "MIT"
            ],
            "authors": [
                {
                    "name": "Michael Dowling",
                    "email": "mtdowling@gmail.com",
                    "homepage": "https://github.com/mtdowling"
                }
            ],
            "description": "Guzzle promises library",
            "keywords": [
                "promise"
            ],
            "install-path": "../guzzlehttp/promises"
        },
        {
            "name": "guzzlehttp/psr7",
            "version": "1.8.2",
            "version_normalized": "1.8.2.0",
            "source": {
                "type": "git",
                "url": "https://github.com/guzzle/psr7.git",
                "reference": "dc960a912984efb74d0a90222870c72c87f10c91"
            },
            "dist": {
                "type": "zip",
                "url": "https://api.github.com/repos/guzzle/psr7/zipball/dc960a912984efb74d0a90222870c72c87f10c91",
                "reference": "dc960a912984efb74d0a90222870c72c87f10c91",
                "shasum": ""
            },
            "require": {
                "php": ">=5.4.0",
                "psr/http-message": "~1.0",
                "ralouphie/getallheaders": "^2.0.5 || ^3.0.0"
            },
            "provide": {
                "psr/http-message-implementation": "1.0"
            },
            "require-dev": {
                "ext-zlib": "*",
                "phpunit/phpunit": "~4.8.36 || ^5.7.27 || ^6.5.14 || ^7.5.20 || ^8.5.8 || ^9.3.10"
            },
            "suggest": {
                "laminas/laminas-httphandlerrunner": "Emit PSR-7 responses"
            },
            "time": "2021-04-26T09:17:50+00:00",
            "type": "library",
            "extra": {
                "branch-alias": {
                    "dev-master": "1.7-dev"
                }
            },
            "installation-source": "dist",
            "autoload": {
                "psr-4": {
                    "GuzzleHttp\\Psr7\\": "src/"
                },
                "files": [
                    "src/functions_include.php"
                ]
            },
            "notification-url": "https://packagist.org/downloads/",
            "license": [
                "MIT"
            ],
            "authors": [
                {
                    "name": "Michael Dowling",
                    "email": "mtdowling@gmail.com",
                    "homepage": "https://github.com/mtdowling"
                },
                {
                    "name": "Tobias Schultze",
                    "homepage": "https://github.com/Tobion"
                }
            ],
            "description": "PSR-7 message implementation that also provides common utility methods",
            "keywords": [
                "http",
                "message",
                "psr-7",
                "request",
                "response",
                "stream",
                "uri",
                "url"
            ],
            "install-path": "../guzzlehttp/psr7"
        },
        {
            "name": "markbaker/complex",
            "version": "1.5.0",
            "version_normalized": "1.5.0.0",
            "source": {
                "type": "git",
                "url": "https://github.com/MarkBaker/PHPComplex.git",
                "reference": "c3131244e29c08d44fefb49e0dd35021e9e39dd2"
            },
            "dist": {
                "type": "zip",
                "url": "https://api.github.com/repos/MarkBaker/PHPComplex/zipball/c3131244e29c08d44fefb49e0dd35021e9e39dd2",
                "reference": "c3131244e29c08d44fefb49e0dd35021e9e39dd2",
                "shasum": ""
            },
            "require": {
                "php": "^5.6.0|^7.0"
            },
            "require-dev": {
                "dealerdirect/phpcodesniffer-composer-installer": "^0.5.0",
                "phpcompatibility/php-compatibility": "^9.0",
                "phpdocumentor/phpdocumentor": "2.*",
                "phploc/phploc": "^4.0|^5.0|^6.0|^7.0",
                "phpmd/phpmd": "2.*",
                "phpunit/phpunit": "^4.8.35|^5.0|^6.0|^7.0",
                "sebastian/phpcpd": "2.*",
                "squizlabs/php_codesniffer": "^3.4.0"
            },
            "time": "2020-08-26T19:47:57+00:00",
            "type": "library",
            "installation-source": "dist",
            "autoload": {
                "psr-4": {
                    "Complex\\": "classes/src/"
                },
                "files": [
                    "classes/src/functions/abs.php",
                    "classes/src/functions/acos.php",
                    "classes/src/functions/acosh.php",
                    "classes/src/functions/acot.php",
                    "classes/src/functions/acoth.php",
                    "classes/src/functions/acsc.php",
                    "classes/src/functions/acsch.php",
                    "classes/src/functions/argument.php",
                    "classes/src/functions/asec.php",
                    "classes/src/functions/asech.php",
                    "classes/src/functions/asin.php",
                    "classes/src/functions/asinh.php",
                    "classes/src/functions/atan.php",
                    "classes/src/functions/atanh.php",
                    "classes/src/functions/conjugate.php",
                    "classes/src/functions/cos.php",
                    "classes/src/functions/cosh.php",
                    "classes/src/functions/cot.php",
                    "classes/src/functions/coth.php",
                    "classes/src/functions/csc.php",
                    "classes/src/functions/csch.php",
                    "classes/src/functions/exp.php",
                    "classes/src/functions/inverse.php",
                    "classes/src/functions/ln.php",
                    "classes/src/functions/log2.php",
                    "classes/src/functions/log10.php",
                    "classes/src/functions/negative.php",
                    "classes/src/functions/pow.php",
                    "classes/src/functions/rho.php",
                    "classes/src/functions/sec.php",
                    "classes/src/functions/sech.php",
                    "classes/src/functions/sin.php",
                    "classes/src/functions/sinh.php",
                    "classes/src/functions/sqrt.php",
                    "classes/src/functions/tan.php",
                    "classes/src/functions/tanh.php",
                    "classes/src/functions/theta.php",
                    "classes/src/operations/add.php",
                    "classes/src/operations/subtract.php",
                    "classes/src/operations/multiply.php",
                    "classes/src/operations/divideby.php",
                    "classes/src/operations/divideinto.php"
                ]
            },
            "notification-url": "https://packagist.org/downloads/",
            "license": [
                "MIT"
            ],
            "authors": [
                {
                    "name": "Mark Baker",
                    "email": "mark@lange.demon.co.uk"
                }
            ],
            "description": "PHP Class for working with complex numbers",
            "homepage": "https://github.com/MarkBaker/PHPComplex",
            "keywords": [
                "complex",
                "mathematics"
            ],
            "install-path": "../markbaker/complex"
        },
        {
            "name": "markbaker/matrix",
            "version": "1.2.3",
            "version_normalized": "1.2.3.0",
            "source": {
                "type": "git",
                "url": "https://github.com/MarkBaker/PHPMatrix.git",
                "reference": "44bb1ab01811116f01fe216ab37d921dccc6c10d"
            },
            "dist": {
                "type": "zip",
                "url": "https://api.github.com/repos/MarkBaker/PHPMatrix/zipball/44bb1ab01811116f01fe216ab37d921dccc6c10d",
                "reference": "44bb1ab01811116f01fe216ab37d921dccc6c10d",
                "shasum": ""
            },
            "require": {
                "php": "^5.6.0|^7.0.0"
            },
            "require-dev": {
                "dealerdirect/phpcodesniffer-composer-installer": "dev-master",
                "phpcompatibility/php-compatibility": "dev-master",
                "phploc/phploc": "^4",
                "phpmd/phpmd": "dev-master",
                "phpunit/phpunit": "^5.7|^6.0|7.0",
                "sebastian/phpcpd": "^3.0",
                "squizlabs/php_codesniffer": "^3.0@dev"
            },
            "time": "2021-01-26T14:36:01+00:00",
            "type": "library",
            "installation-source": "dist",
            "autoload": {
                "psr-4": {
                    "Matrix\\": "classes/src/"
                },
                "files": [
                    "classes/src/Functions/adjoint.php",
                    "classes/src/Functions/antidiagonal.php",
                    "classes/src/Functions/cofactors.php",
                    "classes/src/Functions/determinant.php",
                    "classes/src/Functions/diagonal.php",
                    "classes/src/Functions/identity.php",
                    "classes/src/Functions/inverse.php",
                    "classes/src/Functions/minors.php",
                    "classes/src/Functions/trace.php",
                    "classes/src/Functions/transpose.php",
                    "classes/src/Operations/add.php",
                    "classes/src/Operations/directsum.php",
                    "classes/src/Operations/subtract.php",
                    "classes/src/Operations/multiply.php",
                    "classes/src/Operations/divideby.php",
                    "classes/src/Operations/divideinto.php"
                ]
            },
            "notification-url": "https://packagist.org/downloads/",
            "license": [
                "MIT"
            ],
            "authors": [
                {
                    "name": "Mark Baker",
                    "email": "mark@lange.demon.co.uk"
                }
            ],
            "description": "PHP Class for working with matrices",
            "homepage": "https://github.com/MarkBaker/PHPMatrix",
            "keywords": [
                "mathematics",
                "matrix",
                "vector"
            ],
            "install-path": "../markbaker/matrix"
        },
        {
            "name": "paragonie/random_compat",
            "version": "v2.0.20",
            "version_normalized": "2.0.20.0",
            "source": {
                "type": "git",
                "url": "https://github.com/paragonie/random_compat.git",
                "reference": "0f1f60250fccffeaf5dda91eea1c018aed1adc2a"
            },
            "dist": {
                "type": "zip",
                "url": "https://api.github.com/repos/paragonie/random_compat/zipball/0f1f60250fccffeaf5dda91eea1c018aed1adc2a",
                "reference": "0f1f60250fccffeaf5dda91eea1c018aed1adc2a",
                "shasum": ""
            },
            "require": {
                "php": ">=5.2.0"
            },
            "require-dev": {
                "phpunit/phpunit": "4.*|5.*"
            },
            "suggest": {
                "ext-libsodium": "Provides a modern crypto API that can be used to generate random bytes."
            },
            "time": "2021-04-17T09:33:01+00:00",
            "type": "library",
            "installation-source": "dist",
            "autoload": {
                "files": [
                    "lib/random.php"
                ]
            },
            "notification-url": "https://packagist.org/downloads/",
            "license": [
                "MIT"
            ],
            "authors": [
                {
                    "name": "Paragon Initiative Enterprises",
                    "email": "security@paragonie.com",
                    "homepage": "https://paragonie.com"
                }
            ],
            "description": "PHP 5.x polyfill for random_bytes() and random_int() from PHP 7",
            "keywords": [
                "csprng",
                "polyfill",
                "pseudorandom",
                "random"
            ],
            "support": {
                "email": "info@paragonie.com",
                "issues": "https://github.com/paragonie/random_compat/issues",
                "source": "https://github.com/paragonie/random_compat"
            },
            "install-path": "../paragonie/random_compat"
        },
        {
            "name": "phpoffice/phpspreadsheet",
            "version": "1.8.2",
            "version_normalized": "1.8.2.0",
            "source": {
                "type": "git",
                "url": "https://github.com/PHPOffice/PhpSpreadsheet.git",
                "reference": "0c1346a1956347590b7db09533966307d20cb7cc"
            },
            "dist": {
                "type": "zip",
                "url": "https://api.github.com/repos/PHPOffice/PhpSpreadsheet/zipball/0c1346a1956347590b7db09533966307d20cb7cc",
                "reference": "0c1346a1956347590b7db09533966307d20cb7cc",
                "shasum": ""
            },
            "require": {
                "ext-ctype": "*",
                "ext-dom": "*",
                "ext-fileinfo": "*",
                "ext-gd": "*",
                "ext-iconv": "*",
                "ext-libxml": "*",
                "ext-mbstring": "*",
                "ext-simplexml": "*",
                "ext-xml": "*",
                "ext-xmlreader": "*",
                "ext-xmlwriter": "*",
                "ext-zip": "*",
                "ext-zlib": "*",
                "markbaker/complex": "^1.4",
                "markbaker/matrix": "^1.1",
                "php": "^5.6|^7.0",
                "psr/simple-cache": "^1.0"
            },
            "require-dev": {
                "doctrine/instantiator": "^1.0.0",
                "dompdf/dompdf": "^0.8.0",
                "friendsofphp/php-cs-fixer": "@stable",
                "jpgraph/jpgraph": "^4.0",
                "mpdf/mpdf": "^7.0.0",
                "phpcompatibility/php-compatibility": "^8.0",
                "phpunit/phpunit": "^5.7",
                "squizlabs/php_codesniffer": "^3.3",
                "tecnickcom/tcpdf": "^6.2"
            },
            "suggest": {
                "dompdf/dompdf": "Option for rendering PDF with PDF Writer",
                "jpgraph/jpgraph": "Option for rendering charts, or including charts with PDF or HTML Writers",
                "mpdf/mpdf": "Option for rendering PDF with PDF Writer",
                "tecnickcom/tcpdf": "Option for rendering PDF with PDF Writer"
            },
            "time": "2019-07-08T21:21:25+00:00",
            "type": "library",
            "installation-source": "dist",
            "autoload": {
                "psr-4": {
                    "PhpOffice\\PhpSpreadsheet\\": "src/PhpSpreadsheet"
                }
            },
            "notification-url": "https://packagist.org/downloads/",
            "license": [
                "LGPL-2.1-or-later"
            ],
            "authors": [
                {
                    "name": "Erik Tilt"
                },
                {
                    "name": "Adrien Crivelli"
                },
                {
                    "name": "Maarten Balliauw",
                    "homepage": "https://blog.maartenballiauw.be"
                },
                {
                    "name": "Mark Baker",
                    "homepage": "https://markbakeruk.net"
                },
                {
                    "name": "Franck Lefevre",
                    "homepage": "https://rootslabs.net"
                }
            ],
            "description": "PHPSpreadsheet - Read, Create and Write Spreadsheet documents in PHP - Spreadsheet engine",
            "homepage": "https://github.com/PHPOffice/PhpSpreadsheet",
            "keywords": [
                "OpenXML",
                "excel",
                "gnumeric",
                "ods",
                "php",
                "spreadsheet",
                "xls",
                "xlsx"
            ],
            "install-path": "../phpoffice/phpspreadsheet"
        },
        {
            "name": "psr/http-message",
            "version": "1.0.1",
            "version_normalized": "1.0.1.0",
            "source": {
                "type": "git",
                "url": "https://github.com/php-fig/http-message.git",
                "reference": "f6561bf28d520154e4b0ec72be95418abe6d9363"
            },
            "dist": {
                "type": "zip",
                "url": "https://api.github.com/repos/php-fig/http-message/zipball/f6561bf28d520154e4b0ec72be95418abe6d9363",
                "reference": "f6561bf28d520154e4b0ec72be95418abe6d9363",
                "shasum": ""
            },
            "require": {
                "php": ">=5.3.0"
            },
            "time": "2016-08-06T14:39:51+00:00",
            "type": "library",
            "extra": {
                "branch-alias": {
                    "dev-master": "1.0.x-dev"
                }
            },
            "installation-source": "dist",
            "autoload": {
                "psr-4": {
                    "Psr\\Http\\Message\\": "src/"
                }
            },
            "notification-url": "https://packagist.org/downloads/",
            "license": [
                "MIT"
            ],
            "authors": [
                {
                    "name": "PHP-FIG",
                    "homepage": "http://www.php-fig.org/"
                }
            ],
            "description": "Common interface for HTTP messages",
            "homepage": "https://github.com/php-fig/http-message",
            "keywords": [
                "http",
                "http-message",
                "psr",
                "psr-7",
                "request",
                "response"
            ],
            "install-path": "../psr/http-message"
        },
        {
            "name": "psr/simple-cache",
            "version": "1.0.1",
            "version_normalized": "1.0.1.0",
            "source": {
                "type": "git",
                "url": "https://github.com/php-fig/simple-cache.git",
                "reference": "408d5eafb83c57f6365a3ca330ff23aa4a5fa39b"
            },
            "dist": {
                "type": "zip",
                "url": "https://api.github.com/repos/php-fig/simple-cache/zipball/408d5eafb83c57f6365a3ca330ff23aa4a5fa39b",
                "reference": "408d5eafb83c57f6365a3ca330ff23aa4a5fa39b",
                "shasum": ""
            },
            "require": {
                "php": ">=5.3.0"
            },
            "time": "2017-10-23T01:57:42+00:00",
            "type": "library",
            "extra": {
                "branch-alias": {
                    "dev-master": "1.0.x-dev"
                }
            },
            "installation-source": "dist",
            "autoload": {
                "psr-4": {
                    "Psr\\SimpleCache\\": "src/"
                }
            },
            "notification-url": "https://packagist.org/downloads/",
            "license": [
                "MIT"
            ],
            "authors": [
                {
                    "name": "PHP-FIG",
                    "homepage": "http://www.php-fig.org/"
                }
            ],
            "description": "Common interfaces for simple caching",
            "keywords": [
                "cache",
                "caching",
                "psr",
                "psr-16",
                "simple-cache"
            ],
            "support": {
                "source": "https://github.com/php-fig/simple-cache/tree/master"
            },
            "install-path": "../psr/simple-cache"
        },
        {
            "name": "ralouphie/getallheaders",
            "version": "3.0.3",
            "version_normalized": "3.0.3.0",
            "source": {
                "type": "git",
                "url": "https://github.com/ralouphie/getallheaders.git",
                "reference": "120b605dfeb996808c31b6477290a714d356e822"
            },
            "dist": {
                "type": "zip",
                "url": "https://api.github.com/repos/ralouphie/getallheaders/zipball/120b605dfeb996808c31b6477290a714d356e822",
                "reference": "120b605dfeb996808c31b6477290a714d356e822",
                "shasum": ""
            },
            "require": {
                "php": ">=5.6"
            },
            "require-dev": {
                "php-coveralls/php-coveralls": "^2.1",
                "phpunit/phpunit": "^5 || ^6.5"
            },
            "time": "2019-03-08T08:55:37+00:00",
            "type": "library",
            "installation-source": "dist",
            "autoload": {
                "files": [
                    "src/getallheaders.php"
                ]
            },
            "notification-url": "https://packagist.org/downloads/",
            "license": [
                "MIT"
            ],
            "authors": [
                {
                    "name": "Ralph Khattar",
                    "email": "ralph.khattar@gmail.com"
                }
            ],
            "description": "A polyfill for getallheaders.",
            "install-path": "../ralouphie/getallheaders"
        },
        {
            "name": "symfony/polyfill-intl-idn",
            "version": "v1.19.0",
            "version_normalized": "1.19.0.0",
            "source": {
                "type": "git",
                "url": "https://github.com/symfony/polyfill-intl-idn.git",
                "reference": "4ad5115c0f5d5172a9fe8147675ec6de266d8826"
            },
            "dist": {
                "type": "zip",
                "url": "https://api.github.com/repos/symfony/polyfill-intl-idn/zipball/4ad5115c0f5d5172a9fe8147675ec6de266d8826",
                "reference": "4ad5115c0f5d5172a9fe8147675ec6de266d8826",
                "shasum": ""
            },
            "require": {
                "php": ">=5.3.3",
                "symfony/polyfill-intl-normalizer": "^1.10",
                "symfony/polyfill-php70": "^1.10",
                "symfony/polyfill-php72": "^1.10"
            },
            "suggest": {
                "ext-intl": "For best performance"
            },
            "time": "2020-10-21T09:57:48+00:00",
            "type": "library",
            "extra": {
                "branch-alias": {
                    "dev-main": "1.19-dev"
                },
                "thanks": {
                    "name": "symfony/polyfill",
                    "url": "https://github.com/symfony/polyfill"
                }
            },
            "installation-source": "dist",
            "autoload": {
                "psr-4": {
                    "Symfony\\Polyfill\\Intl\\Idn\\": ""
                },
                "files": [
                    "bootstrap.php"
                ]
            },
            "notification-url": "https://packagist.org/downloads/",
            "license": [
                "MIT"
            ],
            "authors": [
                {
                    "name": "Laurent Bassin",
                    "email": "laurent@bassin.info"
                },
                {
                    "name": "Trevor Rowbotham",
                    "email": "trevor.rowbotham@pm.me"
                },
                {
                    "name": "Symfony Community",
                    "homepage": "https://symfony.com/contributors"
                }
            ],
            "description": "Symfony polyfill for intl's idn_to_ascii and idn_to_utf8 functions",
            "homepage": "https://symfony.com",
            "keywords": [
                "compatibility",
                "idn",
                "intl",
                "polyfill",
                "portable",
                "shim"
            ],
            "support": {
                "source": "https://github.com/symfony/polyfill-intl-idn/tree/v1.19.0"
            },
            "funding": [
                {
                    "url": "https://symfony.com/sponsor",
                    "type": "custom"
                },
                {
                    "url": "https://github.com/fabpot",
                    "type": "github"
                },
                {
                    "url": "https://tidelift.com/funding/github/packagist/symfony/symfony",
                    "type": "tidelift"
                }
            ],
            "install-path": "../symfony/polyfill-intl-idn"
        },
        {
            "name": "symfony/polyfill-intl-normalizer",
            "version": "v1.19.0",
            "version_normalized": "1.19.0.0",
            "source": {
                "type": "git",
                "url": "https://github.com/symfony/polyfill-intl-normalizer.git",
                "reference": "8db0ae7936b42feb370840cf24de1a144fb0ef27"
            },
            "dist": {
                "type": "zip",
                "url": "https://api.github.com/repos/symfony/polyfill-intl-normalizer/zipball/8db0ae7936b42feb370840cf24de1a144fb0ef27",
                "reference": "8db0ae7936b42feb370840cf24de1a144fb0ef27",
                "shasum": ""
            },
            "require": {
                "php": ">=5.3.3"
            },
            "suggest": {
                "ext-intl": "For best performance"
            },
            "time": "2020-10-23T09:01:57+00:00",
            "type": "library",
            "extra": {
                "branch-alias": {
                    "dev-main": "1.19-dev"
                },
                "thanks": {
                    "name": "symfony/polyfill",
                    "url": "https://github.com/symfony/polyfill"
                }
            },
            "installation-source": "dist",
            "autoload": {
                "psr-4": {
                    "Symfony\\Polyfill\\Intl\\Normalizer\\": ""
                },
                "files": [
                    "bootstrap.php"
                ],
                "classmap": [
                    "Resources/stubs"
                ]
            },
            "notification-url": "https://packagist.org/downloads/",
            "license": [
                "MIT"
            ],
            "authors": [
                {
                    "name": "Nicolas Grekas",
                    "email": "p@tchwork.com"
                },
                {
                    "name": "Symfony Community",
                    "homepage": "https://symfony.com/contributors"
                }
            ],
            "description": "Symfony polyfill for intl's Normalizer class and related functions",
            "homepage": "https://symfony.com",
            "keywords": [
                "compatibility",
                "intl",
                "normalizer",
                "polyfill",
                "portable",
                "shim"
            ],
            "support": {
                "source": "https://github.com/symfony/polyfill-intl-normalizer/tree/v1.19.0"
            },
            "funding": [
                {
                    "url": "https://symfony.com/sponsor",
                    "type": "custom"
                },
                {
                    "url": "https://github.com/fabpot",
                    "type": "github"
                },
                {
                    "url": "https://tidelift.com/funding/github/packagist/symfony/symfony",
                    "type": "tidelift"
                }
            ],
            "install-path": "../symfony/polyfill-intl-normalizer"
        },
        {
            "name": "symfony/polyfill-php70",
            "version": "v1.19.0",
            "version_normalized": "1.19.0.0",
            "source": {
                "type": "git",
                "url": "https://github.com/symfony/polyfill-php70.git",
                "reference": "3fe414077251a81a1b15b1c709faf5c2fbae3d4e"
            },
            "dist": {
                "type": "zip",
                "url": "https://api.github.com/repos/symfony/polyfill-php70/zipball/3fe414077251a81a1b15b1c709faf5c2fbae3d4e",
                "reference": "3fe414077251a81a1b15b1c709faf5c2fbae3d4e",
                "shasum": ""
            },
            "require": {
                "paragonie/random_compat": "~1.0|~2.0|~9.99",
                "php": ">=5.3.3"
            },
            "time": "2020-10-23T09:01:57+00:00",
            "type": "library",
            "extra": {
                "branch-alias": {
                    "dev-main": "1.19-dev"
                },
                "thanks": {
                    "name": "symfony/polyfill",
                    "url": "https://github.com/symfony/polyfill"
                }
            },
            "installation-source": "dist",
            "autoload": {
                "psr-4": {
                    "Symfony\\Polyfill\\Php70\\": ""
                },
                "files": [
                    "bootstrap.php"
                ],
                "classmap": [
                    "Resources/stubs"
                ]
            },
            "notification-url": "https://packagist.org/downloads/",
            "license": [
                "MIT"
            ],
            "authors": [
                {
                    "name": "Nicolas Grekas",
                    "email": "p@tchwork.com"
                },
                {
                    "name": "Symfony Community",
                    "homepage": "https://symfony.com/contributors"
                }
            ],
            "description": "Symfony polyfill backporting some PHP 7.0+ features to lower PHP versions",
            "homepage": "https://symfony.com",
            "keywords": [
                "compatibility",
                "polyfill",
                "portable",
                "shim"
            ],
            "support": {
                "source": "https://github.com/symfony/polyfill-php70/tree/v1.19.0"
            },
            "funding": [
                {
                    "url": "https://symfony.com/sponsor",
                    "type": "custom"
                },
                {
                    "url": "https://github.com/fabpot",
                    "type": "github"
                },
                {
                    "url": "https://tidelift.com/funding/github/packagist/symfony/symfony",
                    "type": "tidelift"
                }
            ],
            "install-path": "../symfony/polyfill-php70"
        },
        {
            "name": "symfony/polyfill-php72",
            "version": "v1.19.0",
            "version_normalized": "1.19.0.0",
            "source": {
                "type": "git",
                "url": "https://github.com/symfony/polyfill-php72.git",
                "reference": "beecef6b463b06954638f02378f52496cb84bacc"
            },
            "dist": {
                "type": "zip",
                "url": "https://api.github.com/repos/symfony/polyfill-php72/zipball/beecef6b463b06954638f02378f52496cb84bacc",
                "reference": "beecef6b463b06954638f02378f52496cb84bacc",
                "shasum": ""
            },
            "require": {
                "php": ">=5.3.3"
            },
            "time": "2020-10-23T09:01:57+00:00",
            "type": "library",
            "extra": {
                "branch-alias": {
                    "dev-main": "1.19-dev"
                },
                "thanks": {
                    "name": "symfony/polyfill",
                    "url": "https://github.com/symfony/polyfill"
                }
            },
            "installation-source": "dist",
            "autoload": {
                "psr-4": {
                    "Symfony\\Polyfill\\Php72\\": ""
                },
                "files": [
                    "bootstrap.php"
                ]
            },
            "notification-url": "https://packagist.org/downloads/",
            "license": [
                "MIT"
            ],
            "authors": [
                {
                    "name": "Nicolas Grekas",
                    "email": "p@tchwork.com"
                },
                {
                    "name": "Symfony Community",
                    "homepage": "https://symfony.com/contributors"
                }
            ],
            "description": "Symfony polyfill backporting some PHP 7.2+ features to lower PHP versions",
            "homepage": "https://symfony.com",
            "keywords": [
                "compatibility",
                "polyfill",
                "portable",
                "shim"
            ],
            "support": {
                "source": "https://github.com/symfony/polyfill-php72/tree/v1.19.0"
            },
            "funding": [
                {
                    "url": "https://symfony.com/sponsor",
                    "type": "custom"
                },
                {
                    "url": "https://github.com/fabpot",
                    "type": "github"
                },
                {
                    "url": "https://tidelift.com/funding/github/packagist/symfony/symfony",
                    "type": "tidelift"
                }
            ],
            "install-path": "../symfony/polyfill-php72"
        }
    ],
    "dev": true,
    "dev-package-names": []
}
