ID,Frist Name,Last Name,Role,Nickname,Description,Login,Password,Email,Registered Date,Website_Url,Login name
1,RAJESH,KUMAR,Subscriber,RAJESH KUMAR,Test User Import Export,rajesh2021,Rajesh@1211,rajesh2@gmail.com,08-04-2022 10:03,http://localhost,rajesh2021
2,RUPESH,KUMAR,Subscriber,RUPESH KUMAR,Test User Import Export,rupesh2021,Rajesh@1211,rupesh@gmail.com,08-04-2022 10:03,http://localhost,rupesh2021
3,PRITI,KUMARI,Subscriber,PRITI KUMARI,Test User Import Export,priti2021,Rajesh@1211,priti@gmail.com,08-04-2022 10:03,http://localhost,priti2021
4,SWETA,SINGH,Subscriber,SWETA SINGH,Test User Import Export,sweta2021,Rajesh@1211,sweta@gmail.com,08-04-2022 10:03,http://localhost,sweta2021
5,SWATI,SHARMA,Subscriber,SWATI SHARMA,Test User Import Export,swati2021,Rajesh@1211,swati@gmail.com,08-04-2022 10:03,http://localhost,swati2021
6,ANSHU,KUMARI,Subscriber,ANSHU KUMARI,Test User Import Export,anshu2021,Rajesh@1211,anshu@gmail.com,08-04-2022 10:03,http://localhost,anshu2021
7,RAHUL,KUMAR,Subscriber,RAHUL KUMAR,Test User Import Export,rahul2021,Rajesh@1211,rahul@gmail.com,08-04-2022 10:03,http://localhost,rahul2021
8,RAJEEV,KUMAR,Subscriber,RAJEEV KUMAR,Test User Import Export,rajeev2021,Rajesh@1211,rajeev@gmail.com,08-04-2022 10:03,http://localhost,rajeev2021
10,MANISH ,PASWAN,Subscriber,MANISH PASWAN,Test User Import Export,manish2021,Rajesh@1211,manish@gmail.com,08-04-2022 10:03,http://localhost,manish2021
